"idx","Length","Diameter","Height","Whole_weight","Shucked_weight","Viscera_weight","Shell_weight","Class"
1,0.55,0.44,0.15,0.8945,0.3145,0.151,0.32,"positive"
2,0.55,0.415,0.135,0.7635,0.318,0.21,0.2,"negative"
3,0.68,0.55,0.175,1.798,0.815,0.3925,0.455,"positive"
4,0.54,0.475,0.155,1.217,0.5305,0.3075,0.34,"negative"
5,0.325,0.245,0.07,0.161,0.0755,0.0255,0.045,"negative"
6,0.485,0.36,0.13,0.5415,0.2595,0.096,0.16,"negative"
7,0.505,0.405,0.11,0.625,0.305,0.16,0.175,"negative"
8,0.595,0.475,0.17,1.247,0.48,0.225,0.425,"negative"
9,0.595,0.475,0.14,0.944,0.3625,0.189,0.315,"negative"
10,0.575,0.445,0.14,0.941,0.3845,0.252,0.285,"negative"
11,0.58,0.45,0.14,1.013,0.38,0.216,0.36,"negative"
12,0.435,0.395,0.105,0.3635,0.136,0.098,0.13,"negative"
13,0.7,0.535,0.16,1.7255,0.63,0.2635,0.54,"positive"
14,0.595,0.48,0.165,1.262,0.4835,0.283,0.41,"negative"
15,0.565,0.45,0.135,0.9885,0.387,0.1495,0.31,"negative"
16,0.605,0.485,0.16,1.222,0.53,0.2575,0.28,"negative"
17,0.4,0.3,0.11,0.315,0.109,0.067,0.12,"negative"
18,0.45,0.35,0.13,0.46,0.174,0.111,0.135,"negative"
19,0.445,0.355,0.15,0.485,0.181,0.125,0.155,"negative"
20,0.565,0.44,0.175,0.9025,0.31,0.193,0.325,"negative"
21,0.59,0.47,0.18,1.1235,0.4205,0.2805,0.36,"negative"
22,0.56,0.45,0.185,1.07,0.3805,0.175,0.41,"positive"
23,0.47,0.39,0.15,0.6355,0.2185,0.0885,0.255,"negative"
24,0.45,0.36,0.125,0.4995,0.2035,0.1,0.17,"negative"
25,0.635,0.525,0.205,1.484,0.55,0.3115,0.43,"negative"
26,0.565,0.455,0.175,1.013,0.342,0.207,0.35,"positive"
27,0.295,0.215,0.085,0.128,0.049,0.034,0.04,"negative"
28,0.595,0.455,0.195,1.3305,0.4595,0.3235,0.345,"positive"
29,0.33,0.255,0.095,0.172,0.066,0.0255,0.06,"negative"
30,0.355,0.275,0.09,0.251,0.097,0.053,0.08,"negative"
31,0.5,0.38,0.155,0.5955,0.2135,0.161,0.2,"negative"
32,0.585,0.45,0.17,0.8685,0.3325,0.1635,0.27,"negative"
33,0.57,0.46,0.14,0.9535,0.4465,0.2065,0.245,"negative"
34,0.58,0.455,0.17,0.93,0.408,0.259,0.22,"negative"
35,0.63,0.515,0.16,1.016,0.4215,0.244,0.355,"positive"
36,0.68,0.58,0.2,1.787,0.585,0.453,0.6,"positive"
37,0.475,0.375,0.125,0.593,0.277,0.115,0.18,"negative"
38,0.47,0.38,0.145,0.5865,0.2385,0.144,0.185,"negative"
39,0.585,0.455,0.15,0.987,0.4355,0.2075,0.31,"negative"
40,0.63,0.5,0.17,1.3135,0.5595,0.267,0.4,"negative"
41,0.6,0.5,0.16,1.015,0.3995,0.1735,0.33,"positive"
42,0.44,0.345,0.1,0.366,0.122,0.0905,0.12,"negative"
43,0.505,0.425,0.14,0.85,0.275,0.1625,0.285,"positive"
44,0.565,0.49,0.155,0.9245,0.405,0.2195,0.255,"negative"
45,0.64,0.54,0.175,1.221,0.51,0.259,0.39,"negative"
46,0.585,0.465,0.17,0.9915,0.3865,0.224,0.265,"negative"
47,0.68,0.55,0.21,1.7445,0.5975,0.305,0.625,"negative"
48,0.58,0.46,0.15,0.9955,0.429,0.212,0.26,"positive"
49,0.605,0.485,0.165,1.0105,0.435,0.209,0.3,"positive"
50,0.555,0.45,0.175,0.874,0.3275,0.202,0.305,"negative"
51,0.68,0.53,0.185,1.1095,0.439,0.245,0.34,"negative"
52,0.32,0.245,0.075,0.1555,0.0585,0.038,0.049,"negative"
53,0.565,0.45,0.16,0.795,0.3605,0.1555,0.23,"negative"
54,0.45,0.345,0.135,0.443,0.1975,0.0875,0.1175,"negative"
55,0.645,0.525,0.19,1.4635,0.6615,0.3435,0.435,"positive"
56,0.66,0.52,0.18,1.514,0.526,0.2975,0.42,"positive"
57,0.605,0.495,0.145,1.054,0.369,0.2255,0.36,"negative"
58,0.5,0.385,0.115,0.6785,0.2945,0.138,0.195,"negative"
59,0.355,0.265,0.09,0.168,0.05,0.041,0.063,"negative"
60,0.59,0.45,0.16,0.9,0.358,0.156,0.315,"positive"
61,0.45,0.355,0.12,0.412,0.1145,0.0665,0.16,"positive"
62,0.53,0.41,0.165,0.8115,0.24,0.169,0.24,"positive"
63,0.52,0.395,0.18,0.64,0.158,0.11,0.245,"negative"
64,0.535,0.405,0.185,0.8345,0.3175,0.1725,0.29,"negative"
65,0.59,0.44,0.15,0.9555,0.366,0.2425,0.295,"negative"
66,0.15,0.1,0.025,0.015,0.0045,0.004,0.005,"negative"
67,0.525,0.425,0.12,0.8665,0.2825,0.176,0.29,"negative"
68,0.585,0.405,0.15,1.2565,0.435,0.202,0.325,"negative"
69,0.61,0.47,0.145,1.153,0.403,0.296,0.32,"negative"
70,0.53,0.425,0.17,0.949,0.3485,0.2395,0.278,"negative"
71,0.53,0.41,0.165,0.732,0.189,0.17,0.31,"negative"
72,0.505,0.39,0.16,0.644,0.2475,0.2025,0.1635,"negative"
73,0.425,0.345,0.11,0.3665,0.125,0.081,0.117,"negative"
74,0.385,0.29,0.095,0.312,0.143,0.0635,0.086,"negative"
75,0.445,0.325,0.1,0.378,0.1795,0.1,0.089,"negative"
76,0.45,0.35,0.13,0.547,0.245,0.1405,0.1405,"negative"
77,0.575,0.465,0.14,0.958,0.442,0.1815,0.2705,"negative"
78,0.605,0.475,0.175,1.382,0.609,0.2325,0.3985,"negative"
79,0.305,0.22,0.07,0.141,0.062,0.031,0.037,"negative"
80,0.34,0.25,0.075,0.1785,0.0665,0.0455,0.045,"negative"
81,0.41,0.31,0.09,0.339,0.155,0.0695,0.09,"negative"
82,0.425,0.34,0.1,0.382,0.164,0.096,0.1,"negative"
83,0.465,0.345,0.11,0.4415,0.1755,0.0905,0.12,"negative"
84,0.475,0.36,0.12,0.5915,0.3245,0.11,0.127,"negative"
85,0.5,0.385,0.135,0.6425,0.3195,0.129,0.1535,"negative"
86,0.505,0.39,0.13,0.674,0.3165,0.141,0.1785,"negative"
87,0.51,0.41,0.145,0.796,0.3865,0.1815,0.1955,"negative"
88,0.57,0.455,0.15,1.107,0.54,0.255,0.27,"negative"
89,0.59,0.465,0.155,1.136,0.5245,0.2615,0.275,"negative"
90,0.64,0.5,0.17,1.5175,0.693,0.326,0.409,"negative"
91,0.65,0.52,0.21,1.6785,0.6665,0.308,0.46,"negative"
92,0.66,0.495,0.195,1.6275,0.594,0.3595,0.485,"negative"
93,0.71,0.565,0.205,2.198,1.012,0.5225,0.5475,"negative"
94,0.505,0.39,0.125,0.5445,0.246,0.15,0.1405,"negative"
95,0.52,0.46,0.15,1.019,0.523,0.1985,0.254,"negative"
96,0.56,0.43,0.145,0.8995,0.464,0.1775,0.234,"negative"
97,0.62,0.45,0.2,0.858,0.4285,0.1525,0.2405,"negative"
98,0.705,0.55,0.17,1.219,0.6395,0.236,0.301,"negative"
99,0.33,0.25,0.095,0.2085,0.102,0.0395,0.052,"negative"
100,0.495,0.355,0.12,0.4965,0.214,0.1045,0.1495,"negative"
101,0.515,0.4,0.135,0.6965,0.32,0.1255,0.175,"negative"
102,0.53,0.425,0.13,0.7675,0.419,0.1205,0.21,"negative"
103,0.55,0.435,0.14,0.7535,0.3285,0.1555,0.2325,"negative"
104,0.555,0.425,0.145,0.7905,0.3485,0.1765,0.225,"negative"
105,0.575,0.42,0.135,0.857,0.461,0.147,0.2125,"negative"
106,0.585,0.465,0.155,0.9145,0.4555,0.1965,0.235,"negative"
107,0.585,0.47,0.165,1.409,0.8,0.229,0.295,"negative"
108,0.595,0.465,0.155,1.026,0.4645,0.112,0.305,"negative"
109,0.615,0.475,0.155,1.115,0.484,0.2115,0.355,"negative"
110,0.62,0.475,0.16,1.1295,0.463,0.2685,0.33,"negative"
111,0.625,0.48,0.155,1.2035,0.5865,0.239,0.3185,"negative"
112,0.67,0.53,0.225,1.5615,0.63,0.487,0.3725,"negative"
113,0.72,0.575,0.17,1.9335,0.913,0.389,0.51,"negative"
114,0.475,0.365,0.115,0.459,0.2175,0.093,0.1165,"negative"
115,0.485,0.38,0.12,0.4725,0.2075,0.1075,0.147,"negative"
116,0.635,0.505,0.145,1.1345,0.505,0.2655,0.315,"negative"
117,0.65,0.485,0.14,1.175,0.475,0.2435,0.215,"negative"
118,0.67,0.5,0.19,1.519,0.616,0.388,0.415,"negative"
119,0.7,0.55,0.17,1.684,0.7535,0.3265,0.32,"negative"
120,0.75,0.55,0.18,1.893,0.942,0.397,0.445,"negative"
121,0.35,0.26,0.075,0.18,0.09,0.0245,0.055,"negative"
122,0.39,0.29,0.1,0.2225,0.095,0.0465,0.073,"negative"
123,0.49,0.4,0.135,0.624,0.3035,0.1285,0.169,"negative"
124,0.54,0.425,0.14,0.742,0.32,0.1395,0.25,"negative"
125,0.54,0.43,0.14,0.8195,0.3935,0.1725,0.2295,"negative"
126,0.54,0.455,0.14,0.972,0.419,0.255,0.269,"negative"
127,0.55,0.415,0.145,0.7815,0.373,0.16,0.2215,"negative"
128,0.575,0.45,0.135,0.807,0.3615,0.176,0.254,"negative"
129,0.575,0.435,0.15,1.0305,0.4605,0.218,0.36,"negative"
130,0.61,0.485,0.18,1.2795,0.5735,0.2855,0.355,"negative"
131,0.615,0.475,0.175,1.224,0.6035,0.261,0.311,"negative"
132,0.645,0.51,0.16,1.2415,0.5815,0.276,0.315,"negative"
133,0.655,0.51,0.15,1.043,0.4795,0.223,0.305,"negative"
134,0.72,0.55,0.205,2.125,1.1455,0.4425,0.511,"negative"
135,0.53,0.41,0.14,0.7545,0.3495,0.1715,0.2105,"negative"
136,0.635,0.495,0.195,1.172,0.445,0.3115,0.3475,"negative"
137,0.72,0.56,0.18,1.5865,0.691,0.375,0.4425,"negative"
138,0.24,0.18,0.055,0.0555,0.0235,0.013,0.018,"negative"
139,0.575,0.43,0.155,0.7955,0.3485,0.1925,0.22,"negative"
140,0.6,0.46,0.17,1.1805,0.456,0.337,0.329,"negative"
141,0.62,0.47,0.15,1.309,0.587,0.4405,0.325,"negative"
142,0.635,0.505,0.155,1.2895,0.594,0.314,0.345,"negative"
143,0.7,0.575,0.205,1.773,0.605,0.447,0.538,"negative"
144,0.35,0.235,0.08,0.17,0.0725,0.0465,0.0495,"negative"
145,0.4,0.305,0.16,0.368,0.173,0.0705,0.105,"negative"
146,0.46,0.345,0.11,0.4595,0.235,0.0885,0.116,"negative"
147,0.72,0.575,0.215,2.1,0.8565,0.4825,0.602,"negative"
148,0.37,0.29,0.1,0.25,0.1025,0.0505,0.085,"negative"
149,0.5,0.38,0.155,0.66,0.2655,0.1365,0.215,"positive"
150,0.595,0.455,0.155,1.041,0.416,0.2105,0.365,"negative"
151,0.385,0.29,0.09,0.232,0.0855,0.0495,0.08,"negative"
152,0.62,0.51,0.175,1.1505,0.4375,0.2265,0.4,"negative"
153,0.59,0.455,0.175,0.966,0.391,0.2455,0.31,"negative"
154,0.32,0.24,0.075,0.1735,0.076,0.0355,0.05,"negative"
155,0.62,0.495,0.175,1.806,0.643,0.3285,0.725,"negative"
156,0.69,0.55,0.2,1.8465,0.732,0.472,0.57,"positive"
157,0.71,0.565,0.195,1.817,0.785,0.492,0.49,"negative"
158,0.165,0.115,0.015,0.0145,0.0055,0.003,0.005,"negative"
159,0.215,0.15,0.03,0.0385,0.0115,0.005,0.01,"negative"
160,0.57,0.45,0.17,1.098,0.414,0.187,0.405,"negative"
161,0.55,0.43,0.16,0.9295,0.317,0.1735,0.355,"negative"
162,0.49,0.37,0.14,0.585,0.243,0.115,0.195,"negative"
163,0.57,0.405,0.16,0.9245,0.3445,0.2185,0.295,"positive"
164,0.555,0.455,0.18,0.958,0.296,0.195,0.39,"negative"
165,0.655,0.59,0.2,1.5455,0.654,0.3765,0.415,"negative"
166,0.51,0.395,0.145,0.6185,0.216,0.1385,0.24,"negative"
167,0.57,0.45,0.16,0.8615,0.3725,0.2175,0.255,"negative"
168,0.52,0.41,0.17,0.8705,0.3735,0.219,0.25,"negative"
169,0.6,0.475,0.18,1.1805,0.4345,0.2475,0.425,"positive"
170,0.475,0.36,0.12,0.578,0.2825,0.12,0.17,"negative"
171,0.415,0.325,0.1,0.385,0.167,0.08,0.125,"negative"
172,0.315,0.24,0.07,0.137,0.0545,0.0315,0.04,"negative"
173,0.58,0.475,0.135,0.925,0.391,0.165,0.275,"negative"
174,0.59,0.475,0.16,0.9455,0.3815,0.184,0.27,"positive"
175,0.695,0.57,0.23,1.885,0.8665,0.435,0.5,"positive"
176,0.56,0.44,0.17,0.9445,0.3545,0.2175,0.3,"negative"
177,0.5,0.405,0.15,0.5965,0.253,0.126,0.185,"negative"
178,0.625,0.465,0.155,0.972,0.404,0.1845,0.35,"negative"
179,0.555,0.455,0.17,0.8435,0.309,0.1905,0.3,"negative"
180,0.34,0.255,0.095,0.213,0.081,0.034,0.07,"negative"
181,0.345,0.255,0.1,0.197,0.071,0.051,0.06,"negative"
182,0.235,0.17,0.065,0.0625,0.023,0.014,0.022,"negative"
183,0.44,0.325,0.08,0.413,0.144,0.1015,0.13,"negative"
184,0.565,0.44,0.175,1.122,0.393,0.2,0.375,"negative"
185,0.49,0.39,0.135,0.592,0.242,0.096,0.1835,"negative"
186,0.44,0.325,0.115,0.39,0.163,0.087,0.113,"negative"
187,0.54,0.41,0.145,0.989,0.2815,0.213,0.355,"positive"
188,0.425,0.31,0.105,0.365,0.159,0.0825,0.105,"negative"
189,0.525,0.425,0.19,0.872,0.4625,0.1725,0.199,"negative"
190,0.54,0.42,0.12,0.8115,0.392,0.1455,0.2235,"negative"
191,0.28,0.22,0.08,0.1315,0.066,0.024,0.03,"negative"
192,0.415,0.325,0.1,0.3335,0.1445,0.0715,0.095,"negative"
193,0.44,0.325,0.1,0.4165,0.185,0.0865,0.11,"negative"
194,0.475,0.385,0.11,0.5735,0.311,0.1025,0.136,"negative"
195,0.695,0.525,0.175,1.742,0.696,0.389,0.505,"negative"
196,0.765,0.585,0.18,2.398,1.128,0.512,0.5335,"negative"
197,0.355,0.285,0.095,0.2275,0.0955,0.0475,0.0715,"negative"
198,0.375,0.29,0.1,0.219,0.0925,0.038,0.075,"negative"
199,0.59,0.47,0.15,0.861,0.413,0.164,0.249,"negative"
200,0.7,0.55,0.2,1.523,0.693,0.306,0.4405,"negative"
201,0.25,0.175,0.06,0.0635,0.0275,0.008,0.02,"negative"
202,0.42,0.315,0.11,0.4025,0.1855,0.083,0.1015,"negative"
203,0.43,0.34,0.11,0.3645,0.159,0.0855,0.105,"negative"
204,0.485,0.365,0.14,0.4475,0.1895,0.0925,0.2305,"negative"
205,0.505,0.38,0.135,0.5385,0.2645,0.095,0.165,"negative"
206,0.56,0.435,0.135,0.72,0.329,0.103,0.251,"negative"
207,0.57,0.445,0.155,1.017,0.5265,0.2025,0.265,"negative"
208,0.585,0.465,0.165,0.885,0.4025,0.1625,0.274,"negative"
209,0.62,0.48,0.165,1.0125,0.5325,0.4365,0.324,"negative"
210,0.59,0.455,0.15,0.976,0.465,0.2055,0.2765,"negative"
211,0.625,0.5,0.13,1.082,0.5785,0.2045,0.25,"negative"
212,0.655,0.515,0.155,1.309,0.524,0.346,0.385,"negative"
213,0.72,0.565,0.18,1.719,0.8465,0.407,0.3875,"negative"
214,0.72,0.55,0.18,1.52,0.637,0.325,0.435,"negative"
215,0.535,0.445,0.125,0.8725,0.417,0.199,0.24,"negative"
216,0.545,0.43,0.15,0.742,0.3525,0.158,0.208,"negative"
217,0.59,0.475,0.145,0.9745,0.4675,0.207,0.259,"negative"
218,0.6,0.48,0.17,1.056,0.4575,0.2435,0.3135,"negative"
219,0.605,0.495,0.17,1.0915,0.4365,0.2715,0.335,"negative"
220,0.61,0.425,0.155,1.0485,0.507,0.1955,0.274,"negative"
221,0.615,0.475,0.175,1.194,0.559,0.259,0.3165,"negative"
222,0.625,0.495,0.175,1.2075,0.531,0.281,0.3525,"negative"
223,0.625,0.49,0.12,0.8765,0.456,0.18,0.233,"negative"
224,0.67,0.485,0.175,1.2565,0.5355,0.322,0.386,"negative"
225,0.715,0.55,0.175,1.825,0.938,0.3805,0.44,"negative"
226,0.43,0.345,0.115,0.4295,0.212,0.108,0.109,"negative"
227,0.555,0.405,0.19,1.406,0.6115,0.342,0.389,"negative"
228,0.68,0.54,0.21,1.7885,0.8345,0.408,0.437,"negative"
229,0.7,0.545,0.185,1.6135,0.75,0.4035,0.3685,"negative"
230,0.395,0.3,0.09,0.253,0.1155,0.05,0.075,"negative"
231,0.495,0.33,0.1,0.44,0.177,0.095,0.15,"negative"
232,0.595,0.48,0.14,0.9125,0.4095,0.1825,0.289,"negative"
233,0.6,0.45,0.14,0.869,0.3425,0.195,0.291,"negative"
234,0.63,0.515,0.175,1.1955,0.492,0.247,0.37,"negative"
235,0.68,0.56,0.195,1.664,0.58,0.3855,0.545,"negative"
236,0.355,0.27,0.075,0.204,0.3045,0.046,0.0595,"negative"
237,0.46,0.355,0.14,0.491,0.207,0.115,0.174,"negative"
238,0.51,0.395,0.125,0.5805,0.244,0.1335,0.188,"negative"
239,0.44,0.34,0.12,0.4995,0.2965,0.0945,0.1185,"negative"
240,0.55,0.42,0.17,0.8465,0.336,0.2405,0.245,"negative"
241,0.37,0.295,0.1,0.2685,0.1165,0.056,0.0835,"negative"
242,0.59,0.415,0.15,0.8805,0.3645,0.234,0.235,"negative"
243,0.31,0.235,0.075,0.1515,0.056,0.0315,0.05,"negative"
244,0.295,0.215,0.075,0.116,0.037,0.0295,0.04,"negative"
245,0.61,0.48,0.19,1.2955,0.5215,0.3225,0.365,"negative"
246,0.665,0.535,0.155,1.383,0.596,0.2565,0.485,"negative"
247,0.69,0.555,0.205,1.8165,0.7785,0.4395,0.515,"positive"
248,0.655,0.53,0.19,1.428,0.493,0.318,0.565,"negative"
249,0.665,0.57,0.185,1.522,0.6965,0.3025,0.405,"negative"
250,0.535,0.42,0.16,0.72,0.275,0.164,0.225,"negative"
251,0.6,0.445,0.175,1.057,0.383,0.216,0.355,"negative"
252,0.48,0.38,0.135,0.507,0.1915,0.1365,0.155,"negative"
253,0.705,0.555,0.2,1.4685,0.4715,0.3235,0.52,"positive"
254,0.44,0.34,0.125,0.4895,0.1735,0.0875,0.2,"negative"
255,0.39,0.3,0.105,0.259,0.0955,0.038,0.085,"negative"
256,0.425,0.325,0.135,0.382,0.1465,0.079,0.14,"negative"
257,0.47,0.375,0.105,0.468,0.1665,0.108,0.17,"negative"
258,0.475,0.365,0.14,0.4545,0.171,0.118,0.158,"negative"
259,0.58,0.44,0.175,1.073,0.4005,0.2345,0.335,"positive"
260,0.455,0.345,0.125,0.44,0.169,0.1065,0.135,"negative"
261,0.54,0.405,0.155,0.9715,0.3225,0.194,0.29,"positive"
262,0.46,0.33,0.15,0.5325,0.2085,0.1805,0.125,"negative"
263,0.545,0.435,0.165,0.9955,0.3245,0.2665,0.325,"positive"
264,0.305,0.225,0.07,0.1485,0.0585,0.0335,0.045,"negative"
265,0.645,0.515,0.185,1.4605,0.5835,0.3155,0.41,"positive"
266,0.475,0.375,0.15,0.559,0.1955,0.1215,0.1945,"negative"
267,0.58,0.48,0.18,1.2495,0.4945,0.27,0.371,"negative"
268,0.65,0.545,0.185,1.5055,0.6565,0.341,0.43,"negative"
269,0.55,0.44,0.155,0.9155,0.3645,0.195,0.25,"negative"
270,0.165,0.12,0.05,0.021,0.0075,0.0045,0.014,"negative"
271,0.475,0.42,0.16,0.7095,0.35,0.1505,0.1845,"negative"
272,0.505,0.475,0.16,1.1155,0.509,0.239,0.3065,"negative"
273,0.62,0.51,0.18,1.233,0.592,0.274,0.322,"negative"
274,0.65,0.505,0.18,1.469,0.7115,0.3335,0.38,"negative"
275,0.215,0.15,0.055,0.041,0.015,0.009,0.0125,"negative"
276,0.335,0.26,0.085,0.192,0.097,0.03,0.054,"negative"
277,0.575,0.475,0.16,0.895,0.3605,0.221,0.271,"negative"
278,0.625,0.5,0.175,1.273,0.564,0.302,0.374,"negative"
279,0.42,0.325,0.11,0.325,0.1245,0.0755,0.1025,"negative"
280,0.495,0.375,0.115,0.5755,0.31,0.1145,0.1395,"negative"
281,0.285,0.225,0.07,0.1005,0.0425,0.0185,0.035,"negative"
282,0.435,0.325,0.1,0.342,0.1335,0.0835,0.105,"negative"
283,0.475,0.35,0.125,0.4225,0.1905,0.079,0.1355,"negative"
284,0.63,0.505,0.195,1.306,0.516,0.3305,0.375,"negative"
285,0.65,0.51,0.175,1.35,0.575,0.3155,0.3885,"negative"
286,0.635,0.505,0.17,1.2635,0.512,0.322,0.355,"negative"
287,0.705,0.555,0.195,1.7525,0.7105,0.4215,0.516,"negative"
288,0.36,0.265,0.085,0.1865,0.0675,0.037,0.0615,"negative"
289,0.4,0.315,0.1,0.3225,0.143,0.0735,0.091,"negative"
290,0.53,0.425,0.155,0.7905,0.307,0.171,0.2595,"negative"
291,0.205,0.155,0.045,0.0495,0.0235,0.011,0.014,"negative"
292,0.68,0.52,0.175,1.543,0.7525,0.351,0.374,"negative"
293,0.5,0.385,0.12,0.6335,0.2305,0.125,0.235,"negative"
294,0.17,0.105,0.035,0.034,0.012,0.0085,0.005,"negative"
295,0.53,0.41,0.145,0.8255,0.375,0.204,0.245,"negative"
296,0.655,0.515,0.2,1.373,0.443,0.3375,0.49,"negative"
297,0.525,0.395,0.165,0.782,0.285,0.1405,0.285,"positive"
298,0.46,0.375,0.12,0.4915,0.2205,0.088,0.17,"negative"
299,0.575,0.45,0.1,0.9315,0.431,0.222,0.235,"negative"
300,0.455,0.355,0.135,0.4745,0.1865,0.0935,0.168,"negative"
301,0.52,0.39,0.14,0.7325,0.2415,0.144,0.26,"positive"
302,0.52,0.41,0.16,0.712,0.2845,0.153,0.225,"negative"
303,0.565,0.43,0.135,0.8545,0.321,0.1775,0.275,"negative"
304,0.395,0.28,0.08,0.266,0.0995,0.066,0.09,"negative"
305,0.65,0.515,0.215,1.498,0.564,0.323,0.425,"negative"
306,0.235,0.175,0.08,0.0645,0.0215,0.0175,0.0215,"negative"
307,0.475,0.4,0.115,0.541,0.186,0.1025,0.21,"negative"
308,0.525,0.41,0.115,0.7745,0.416,0.163,0.18,"negative"
309,0.585,0.45,0.125,0.874,0.3545,0.2075,0.225,"negative"
310,0.585,0.465,0.15,0.98,0.4315,0.2545,0.247,"negative"
311,0.61,0.475,0.15,1.142,0.62,0.237,0.245,"negative"
312,0.485,0.365,0.09,0.651,0.3165,0.132,0.18,"negative"
313,0.575,0.45,0.15,0.858,0.449,0.166,0.215,"negative"
314,0.69,0.535,0.185,1.826,0.797,0.409,0.499,"negative"
315,0.64,0.49,0.18,1.36,0.653,0.347,0.305,"negative"
316,0.455,0.335,0.105,0.4055,0.175,0.092,0.1185,"negative"
317,0.55,0.385,0.13,0.7275,0.343,0.1625,0.19,"negative"
318,0.6,0.47,0.13,1.0105,0.423,0.219,0.298,"negative"
319,0.675,0.52,0.175,1.494,0.7365,0.3055,0.37,"negative"
320,0.58,0.45,0.14,0.824,0.3465,0.1765,0.263,"negative"
321,0.58,0.425,0.145,0.83,0.379,0.1605,0.2575,"negative"
322,0.655,0.525,0.18,1.402,0.624,0.2935,0.365,"negative"
323,0.405,0.3,0.085,0.3035,0.15,0.0505,0.088,"negative"
324,0.565,0.45,0.165,0.887,0.37,0.239,0.249,"negative"
